published_by,publish,product_code,price,content_info,name
SPER Market Research Pvt. Ltd.,2022-04-13,1070365,USD 4250,"
213 Pages","Hollow Fiber Filtration Market Size, Share & Trends Analysis By Material, By Technique, By Application, By End User, Regional Outlook, Competitive Strategies and Segment Forecasts to 2030"
Stratview Research,2022-04-13,1069956,USD 4990,"
138 Pages","Aerospace Wires & Cables Market Size, Share, Trend, Forecast, & Industry Analysis: 2022-2027"
Greystone Research Associates,2022-04-13,1069891,USD 3850,,Additive Technology Markets for Engineered Solid Dosage Forms
MarketsandMarkets,2022-04-12,1069885,USD 4950,"
256 Pages","Pine-Derived Chemicals Market by Type (TOFA, TOR, Gum Turpentine, Gum Rosin, Pitch, and Sterols), Application (Paints & Coatings, Adhesives & Sealants, Surfactants, and Printing Inks), Source, Process and Region - Global Forecast to 2027"
MarketsandMarkets,2022-04-12,1069884,USD 4950,"
193 Pages","Synthetic Paper Market by Raw Material (BOPP, HDPE, PET, and PVC), Application (Printing, Labels & Tags, Packaging), End-use Industry (Industrial, Institutional, and Commercial/Retail) and Geography - Global Forecast to 2027"
Meticulous Market Research Pvt. Ltd.,2022-04-12,1069367,USD 4175,"
245 Pages","Surface Disinfectant Market by Composition, Formulation, Application, End User - Global Forecast to 2029"
MarketsandMarkets,2022-04-11,1069883,USD 4950,"
239 Pages","Electrocoating Market by Type (Cathodic Epoxy, Cathodic Acrylic, Anodic), Application (Passenger Cars, Commercial Vehicles, Automotive Parts & Accessories, Heavy-Duty Equipment, Appliances) and Region - Global Forecast to 2026"
TechNavio (Infiniti Research Ltd.),2022-04-11,1069818,USD 2500,"
120 Pages",Global Stationary Emission Control Catalyst Market 2022-2026
TechNavio (Infiniti Research Ltd.),2022-04-11,1069814,USD 2500,"
120 Pages",Global Industrial and Institutional Cleaners Market 2022-2026
TechNavio (Infiniti Research Ltd.),2022-04-11,1069809,USD 2500,"
120 Pages",Global Polyurethane Composites Market 2022-2026
TechNavio (Infiniti Research Ltd.),2022-04-11,1069805,USD 2500,"
120 Pages",Global Ambient Food Packaging Market 2022-2026
TechNavio (Infiniti Research Ltd.),2022-04-11,1069803,USD 2500,"
120 Pages",Global Roofing Chemicals Market 2022-2026
Koncept Analytics,2022-04-11,1069189,USD 1250,"
81 Pages","Global Benzene Market (Capacity, Supply & Demand): Insights & Forecast with Potential Impact of COVID-19 (2022-2026)"
Koncept Analytics,2022-04-11,1069183,USD 1400,"
103 Pages","Global Cosmetic Chemicals Market (by Product Type, Consumption & Region): Insights & Forecast with Potential Impact of COVID-19 (2022-2026)"
